code	City	Company_Name	Main_Activity	Operating_Revenue	Total_Assets	Revenue_Range	No_of_Companies	Shareholder_Name	Shareholder_Country	CEO_Name
EC20737	Quito	Mutualista Pichincha	Services	60319	605504	43674	0			N/A
EC20730	Cuenca	Cooperativa De Ahorro Y Credito Juventud Ecuatoriana Progresista Ltda	Services	59854	828927	43674	0			Levy Molina
EC0991313788001	Manta	Asiservy S.A.	Manufacturing; Wholesale	57206	54977	43674	0	Mr Gustavo Vinicio Nunez Marquez		Mr Carlos Alfredo Nunez Herrera
EC1790971937001	Quito	Provefrut S.A.	Manufacturing	57112	40048	43674	3	Nintanga S.A., South American Frozen Foods Llp	GB,EC	Mr Alfred Lawrence Zeller Starcewich
EC54343	Quito	Interdin S.A	Manufacturing	56670	124652	43674	0			N/A
EC30161LE	Guayaquil	Dismedsa S.A.	Services	56073	79768	43674	0			Ms Gina Patricia Pardo Navarrete
EC0990006164001	Guayaquil	Etica Empresa Turistica Internacional C.A.	Services	55254	60201	43674	4	Metrocorp International, Mr Simon Sevilla Larrea Roque	KY,EC	Mr Roque Simon Sevilla Larrea
EC0990022453001	Guayaquil	Compania De Seguros Ecuatoriano-Suiza Sa	Services	54409	56188	43674	2	Ceramix S.A., Haesuiza S.A.	EC	N/A
EC0992142618001	Guayaquil	Avicola Fernandez S.A.	Manufacturing	54071	42068	43674	2	Fernandez Zambrano Eugenio De Jesus, Mrs Kenya Katherine Fernandez Escobar	EC	Mera Abercio Kuonqui
EC0990697000001	Guayaquil	Mapfre Atlas Compania De Seguros Sa	Services	52528	55061	43674	372	Fedalmar S.A., Inmobiliaria E Inversionista Margana Cia Ltda, Inversionista Felco Sa, Mapfre Internacional Sociedad Anonima., Mapfre Sa, Mr Florentino Briz Munos, Mr Galo Cabezas Martinez, Mr Juan Martin Schotel Hidalgo, Predial Las Colinas S.A., Senoicca Industrial S.A.	EC,ES	N/A
EC0992697415001	Guayaquil	Surpapelcorp S.A.	Manufacturing	51992	142621	43674	6	Banco Del Instituto Ecuatoriano De Seguridad Social, Comercializadora De Papeles Y Cartones Surpapel S.A., Congregacion Educacional Del Verbo Divino En El Ecuador, Fideicomiso Mercantil Numero 1 M-02-011-03 Fondo Ambiental Nacional-Fan, International Packaging Systems Holdings CoÌ£ÒÌ£_Ì£ÒÌ¢åPeratief U.A., Mr Oscar Illingworth Guerrero, Mr Pedro Antonio Huerta Barros, Mrs Carmen Del Mar Grijalva Guadamud Solanda, Mrs Marta Ruth Beals De Espinoza, Rio Grande Forestal (Riverforest) S.A., Servicio De Cesantia De La Policia Nacional, Stup S.A.	AR,NL,EC,CL	Mr Pedro Antonio Huerta Barros
EC0990344760001	Guayaquil	Quimpac Ecuador S.A	Manufacturing	51435	50626	43674	0			Mr Arturo Jose Orrantia Santos
EC0990015449001	Guayaquil	Intaco Ecuador S.A.	Wholesale	51128	65131	43674	3	Ametco Group Llc, Kobalto Holding Co. Llc, Mr Kristel Kathrein Duenas Amrhein	CR,US	Mr Marcos Alberto Duenas Leiva
EC0990013497001	Guayaquil	Plasticos Ecuatorianos S.A	Manufacturing	49589	49477	43674	53	Arca Continental, S.A.B. De C.V., Betal Invest & Trade Ltda, Holding Tonicorp S.A., Industrias Lacteas Toni Sa	MX,EC,GB	Mr Carlos Anibal Inca Torres
EC0990010110001	Guayaquil	Almacenes Boyaca S.A.	Wholesale	47843	52419	43674	0	Jomafe Llc	US	Mr Jose Antonio Barciona Chedraui
EC0992426357001	Guayaquil	Corporacion Celeste S.A.	Services	47772	73088	43674	2	Dismedsa Cia.Ltda.,  South American Real Estate Investors Corporation.	PA,EC	Mr Enrique Augusto Tamariz Amador
EC0690000261001	Quito	Cemento Chimborazo C.A.	0	47350	113053	43674	0			0
EC0991284214001	Guayaquil	Diteca S.A.	Wholesale; Services	47092	63533	43674	2	Diteca Holdings Llc, Mr Alfredo Jose Ortega Maldonado	EC,US	Mr Alfredo Jose Ortega Maldonado
EC1790003388001	Quito	Cepsa S.A.	Wholesale	46038	35858	43674	2	Global Oil & Tire Company Llc, Mr Hernando Chiriboga Davalos	EC,US	Ms Rosario Guadalupe Espinosa Cordova
EC0991265414001	Samborondon	Delcorp Sa	Manufacturing	45486	43217	43674	3	Estate Holding Assets Llc, Mr Ivan Goldstein Valdez Gad	EC,US	Mr Gad Ivan Goldstein Valdez
EC1790013502001	Quito	Laboratorios Industriales Farmaceuticos Ecuatorianos Life C.A.	Manufacturing	45430	50199	43674	3	Direccion Provincial De Salud De Pichincha, Ministerio De Salud Publica Del Ecuador,  Pharmex Limited Sociedad Anonima	CR,EC	Mr Xavier Felix Simon Isaias
EC54298	Quito	M.M. Jaramillo Arteaga	Services	45305	825430	43674	0			N/A
EC0790002350001	Machala	Banco De Machala	Services	44980	566633	43674	2	Aguirre Cardenas Nelly Adalguiza Del Carmen, Arias Victor Manuel De Jesus, Armijos Armijos Arecio Bernabe, Armijos Armijos Bolivar Jovito, Asociacion De Profesores Y Empleados Del Colegio 26 De Nomviembre, Astudillo Ordonez Antonieta Del Cisne, Astudillo Ramirez Ana Maria Del Cisne, Astudillo Ramirez Dolores Maria De Fatima, Bravo Torres Javier De Jesus, Calderon Solano Euclides Alciviades, Camba Georgina Pomposa, Carchi Salazar Segundo Armangel, Carrion Cabrera Cleotilde, Carrion Mora Enrique Manuel De Jesus, Charria Chermes Clodomiro Exipian, Coello Carrion Amarilis Ariopaguita, Cooperativa De Ahorro Y Credito Educadores De El Oro Ltda, Espinosa Herman Rodrigo, Espinoza Romero Mariana De Jesus, Feijoo Loayza Maximo Alciviades, Fisa Fundiciones Industriales S.A., Gallardo Anazco Manuel Ubiticio, Genta S.A., Granda Encalada Sucre Ecuador, Honores Cardenas Mariana De Jesus, Industrias Gaseosas El Oro Cia Ltda (Ingaoro Cia Ltda), Inversiones Dogo Dogosa Sa, Jijon Ycaza Angel De Jesus, Laniado Castro Maria De Lourdes, Loaiza Jaramillo Angel Sigiberto, Loayza Valarezo Telmo De Jesus, Monterrey Azucarera Lojana Ca Malca, Morocho Morocho Isidro De Jesus, Morocho Roman Katita De Fatima, Motoche Maldonado Senen Agnelio, Mr Albertina Pelaez Saldarriaga Rosa, Mr Alberto Franklin Molina Oramas, Mr Alberto Garcia Molina Wilson, Mr Alberto Ullauri Perez Galo, Mr Alberto Washington Villalta Zambrano, Mr Alejandro Alban Lituma Santiago, Mr Alejandro Guillermo Castro Hidalgo, Mr Alejandro Ortiz Gomez Nestor, Mr Alejandro Weisson Egas Heraclito, Mr Alfonso Avila Astudillo, Mr Alfonso Manuel Veintimilla Loayza, Mr Alfredo Enrique Jaramillo Rosales, Mr Angel Alejo Avila Cordova, Mr Angel Lisimaco Torres Armijos, Mr Angel Rizzo Perez Bolivar, Mr Angel Salvador Ochoa Aguilar, Mr Angel Vicente Cordero Cedillo, Mr Anton Joseantonio Wadih Barciona, Mr Antonio Apolo Roman Angel, Mr Antonio Carrion Vargas Manuel, Mr Argemiro Cedeno Velez Modesto, Mr Arturo Sanmartin Roldan Segundo, Mr Aurelio Egas Noblecilla Walter, Mr Betsy Piedad Astudillo Cabrera, Mr Braulio Alcibiades Lopez Barba, Mr Braulio Ramon Armijos  Porfirio, Mr Carlos Alberto Madero Vecilla, Mr Carlos Alejandro Beltran Cobos, Mr Carlos Alfredo Zambrano Moreira, Mr Carlos Eduardo Moscoso Molina, Mr Carlos Enrique Elizalde Herrera, Mr Carlos Enrique Silva Fernandez, Mr Carlos Enrique Veintemilla Zambrano, Mr Carlos Ernesto Estarellas Merino, Mr Carlos Eugenio Segura, Mr Carlos Fernando Factos Guanoluisa, Mr Carlos Humberto Loaiza Romero, Mr Carlos Humberto Rojas Jacome, Mr Carlos Lionel Gonzalez Valdiviezo, Mr Carlos Maria Valarezo Galarza, Mr Carlos Modesto Quichimbo, Mr Carlos Roberto Loaiza Romero, Mr Carlos Walter Villalta Zambrano, Mr Carrion Angel Polivio, Mr Celio Quirola Figueroa Esteban, Mr Celsa Maria Vega Lavanda, Mr Cesar Augusto Ullauri Aguilar, Mr Cesar Eduardo Mejia Aguilar, Mr Cesar Enrique Naranjo Fischer, Mr Cesar Orellana Quinde, Mr Cesar Victoriano Ochoa Castro, Mr Claudio Enrique Chuchuca, Mr Crispulo Miguel Heredia Ludena, Mr Cristian Alfredo Aguilar Astudillo, Mr Daniel Romero Loayza Segundo, Mr Daniel Ullauri Ullauri Miguel, Mr Del Carmen Quezada Vega Rosario, Mr Delfin Parra, Mr Diego Munuche Garrido Lisimaco, Mr Edgar Modesto Jimenez Torres, Mr Eduardo Alberto Balarezo Nimbriotis, Mr Eduardo Alfredo Garcia Neira, Mr Eduardo Cevallos Luna Jersey, Mr Eduardo Leonel Jaramillo Romero, Mr Eduardo Paredes Zoto Angel, Mr Eduardo Vernaza Quevedo Miguel, Mr Eduardo Zaldumbide Penarreta Milton, Mr Efren Severo Barrazueta Andrade, Mr Elio Juvenal Pacheco Aguilar, Mr Eloy Dominguez Rodas Manuel, Mr Eloy Prieto Calderon Bolivar, Mr Emilio Federico Bustos Rojas, Mr Emilio Osorio Salcedo Segundo, Mr Enrique Garcia Feraud Galo, Mr Ernesto Olegario Coronel Bustos, Mr Espinoza Carrion Teofilo Othon, Mr Estanislao Henriquez Salinas Hilivino, Mr Euclides Carrion Cobos Berfol, Mr Evelio Cuenca Cuenca, Mr Ezequiel Farez Manuel, Mr Federico Mautong Echeverria, Mr Fernando Alfonso Ugarte Molina, Mr Flavio Santos Cortez Benito, Mr Florencio Gustavo Wilches Perez, Mr Francisco Cesar Orellana Villacis, Mr Francisco Felix Minuche Galvez Olmedo, Mr Francisco Guevara Mastarreno Elias, Mr Francisco Loayza Salazar Segundo, Mr Francisco Orlando Jaramillo Romero, Mr Francisco Placido Minuche Jara, Mr Francisco Rafael Minuche Mosquera, Mr Franco Antonio Castillo Jimenez, Mr Franco Cruz Fulton, Mr Fredy Franklin Gonzalez Arrese, Mr Froilan Suquinagua Bermeo, Mr Fulvio Alvarado Sanchez Walter, Mr Fulvio Arnaldo Pastor Cabrera, Mr Fulvio Humberto Molina Orellana, Mr Gerardo Virgilio Cevallos Mendoza, Mr Geronimo Calixto Marquez Fernandez, Mr Gilberto Genaro Suco Gutierrez, Mr Gilberto Loayza Orellana Telmo, Mr Gilberto Sucre Moreno Carranza, Mr Gonzalo Elicio Romero Espinoza, Mr Gonzalo Elizalde Aguilar Bosco, Mr Gonzalo Garcia Romero Angel, Mr Guillermo Grunauer Serrano Alfonso, Mr Gustavo Parrales Rendon Pascual, Mr Hector Alcibiades Bermeo Cardenas, Mr Hector Alejo Patino Mariduena, Mr Hector Augusto Bravo Castillo, Mr Hector Del Salto Hernandez  Victoriano, Mr Hector Eladio Gonzalez Gonzalez, Mr Hector Hugo Mora Espinoza, Mr Heriberto Saltos Proano Manuel, Mr Hernan Benites Estupinan Miguel, Mr Hipolito Alvarez Barahona Abdon, Mr Homero Gonzalo Lizaldez Pacheco, Mr Hugo Leonardo Valarezo Penafiel, Mr Ignacio Aguilar Jaramillo Manuel, Mr Ignacio Davila Ordonez Manuel, Mr Ignacio Quezada Quezada Manuel, Mr Ismael Olmedo Roldan Sandoval, Mr Jacinto Gabriel Aquin Ruiz, Mr Jaime Rene Baquerizo Chavez, Mr James Celi Sanchez Klark, Mr Joaquin Gustavo Castro Mendoza, Mr Joel Wilfrido Mosquera Sanchez Esaul, Mr Jorge Alfredo Castillo Espinoza, Mr Jorge Alfredo Castro Berrezueta, Mr Jorge Alfredo Espinel Lopez, Mr Jorge Anibal Rodas Medina, Mr Jorge Augusto Servio Serrano Correa, Mr Jorge Eduardo Astudillo Feijoo, Mr Jorge Eduardo Demera Rodriguez, Mr Jorge Eduardo Encalada Mora, Mr Jorge Isidro Gomez Villegas, Mr Jorge Luis Andrade Avecillas, Mr Jorge Milton Fadul Suazo, Mr Jorge Olmedo Urdiales Matamoros, Mr Jorge Perfecto Chan Hidalgo, Mr Jorge Sanchez Cardenas Bastiad, Mr Jorge Vicente Auad Herales, Mr Jorge Washington Andrade Avecillas, Mr Jose A Galvez Cruz, Mr Jose Alberto Coronel Tandazo, Mr Jose Alfredo Ugarte Llaguno, Mr Jose Andres Teofilo Garcia Carrion, Mr Jose Antonio Paucar Hurtado, Mr Jose Encarnacion Estrada Sarango, Mr Jose Ezequiel Romero Vasquez, Mr Jose Francisco Barros Aguilar, Mr Jose Gerardo Serrano Murillo, Mr Jose Julio Serrano Castro, Mr Jose Leonardo Aguirre Valarezo, Mr Jose Leonidas Solano Merino, Mr Jose Leopoldo Leon Ruiz, Mr Jose Manuel Alfonso Lalangui Diaz, Mr Jose Manuel Jara Armijos, Mr Jose Manuel Jaramillo Leon, Mr Jose Manuel Quezada Espinoza, Mr Jose Marceliano Rodriguez Calderon, Mr Jose Maria Berru Prieto, Mr Jose Miguel Genoves, Mr Jose Norberto Reyes Lalangui, Mr Jose Olindo Vicuna Carpio, Mr Jose Pacifico Ramirez Romero, Mr Jose Vicente Gustavo Sandoval Campana, Mr Jose Vicente Luis Zambrano Larrea, Mr Jose Vicente Quezada Vega, Mr Josefina Del Carmen Zambrano, Mr Juan Agustin Samaniego Cardenas, Mr Juan Alejandro Bernal Rosas, Mr Juan Antonio Armijos Cuenca, Mr Juan Antonio Riera Quito, Mr Juan Carlos Echeverria Barriga, Mr Juan Elias Nunez Puertas, Mr Juan Enrique Loayza Romero, Mr Juan Ignacio Salinas Portillo, Mr Juan Jose Oswaldo Henriquez Coello, Mr Juan Maria Loayza Gallardo, Mr Juan Miguel Quezada Enriquez, Mr Juan Querubin Davila Caicedo, Mr Julio Aurelio Abril Valarezo, Mr Julio Fernando Reyes Valarezo, Mr Julio Gonzalo Pesantez Pesantez, Mr Julio Guerrero Rufino, Mr Julio Patricio Espinal Cortez, Mr Juvenal Paladines, Mr Juvencio Chacha Torres Alcivar, Mr Kelita Del Rosario Loayza Agila, Mr Kelvin Edison Franco Maldonado, Mr Lema Zumba Pablo Tarquino, Mr Leonardo Calderon Bello Abdon, Mr Leoncio Agustin Arica Garcia, Mr Leovigildo Munoz Custode Nelson, Mr Liborio Jesus Patino Quirola, Mr Loaiza Romero Angel Rubio, Mr Lorena Del Rocio Castro Romero, Mr Luis Alberto Benitez Aguirre, Mr Luis Alberto Campuzano Carrion, Mr Luis Alberto Criollo Cherrez, Mr Luis Antonio Guillen Astudillo, Mr Luis Augusto Barrezueta Criollo, Mr Luis Elias Wong Chia, Mr Luis Felipe Quezada Vega, Mr Luis Felipe Solano Borbor, Mr Luis Fernando Moreno Jaramillo, Mr Luis Fernando Procel Rodriguez, Mr Luis Guillermo San Lucas Checa, Mr Luis Landivar Rodriguez Angel, Mr Luis Ovidio Carrion Marquez, Mr Manuel Angel Encalada Zuniga, Mr Manuel Armando Rodrigo Serrano Carrion, Mr Manuel Hilario Maldonado Maldonado, Mr Manuel Rigchag Cayambe, Mr Manuel Santiago Pozo Tamariz, Mr Manuel Valentin Guerrero Sarmiento, Mr Marcelo Eduardo Marquez Asanza, Mr Mario Antonio Burgos Chiriboga, Mr Mario Eugenio Molina Torres, Mr Mario Tadeo Barbecho Cuzco, Mr Miguel Angel Rodriguez Granda, Mr Miguel Moreno Aguilar, Mr Mirian Del Carmen Coronel Yaguana, Mr Modesto Gabriel Izurieta Ortiz, Mr Moises Auhing Trivino Abrahan, Mr Nelson Honorio Ludena, Mr Nelson Serrano Aguilar Necker, Mr Nestor Espinoza Sanchez, Mr Noel Hernan Cabrera Valle, Mr Orlando Segundo Valarezo Orellana, Mr Oswaldo Alvarez Plaza, Mr Patricio Alvarez Plaza, Mr Pedro Aguilar Estrella Elias, Mr Pedro Asuncion Saldarriaga, Mr Pedro Pablo Valiente Rodriguez, Mr Piedad Alvarado Viteri Belgica, Mr Piedad Maria Ponton Aguilar, Mr Plutarco Mora Solorzano Oliver, Mr Rafael Enrique Balda Cucalon, Mr Ramiro Humberto Jaramillo Romero, Mr Ramon Blanca Liria Zambrano, Mr Ramon Francisco Ernesto Lavayen, Mr Ramon Pedro Eduardo, Mr Ramon Ramon Teudos Nizchi, Mr Raul Alejandro Merchan Orellana, Mr Raul Campoverde Abril Idelberto, Mr Raul Orellana Angel, Mr Rigoberto Aguilar Jara, Mr Roberto Leonidas Fernandez Vargas, Mr Roberto Xavier Leon Ruiz, Mr Rogelio Arturo Ramirez Hermosilla, Mr Rolando Mendoza Guzman Libio, Mr Romulo Elias Ambrosi Ambrosi, Mr San Martin Cabrera Fausto Lusio, Mr Sebastian Quichimbo Manuel, Mr Segundo Abdon Wilches Arizabala, Mr Segundo Alonso Chango Chango, Mr Segundo Nicomedes Coello Figueroa, Mr Segundo Valeriano Mora Quinonez, Mr Segundo Victoriano Espinoza Loayza, Mr Servio Rene Robles Balcazar, Mr Silvio Hermes Astudillo Ramirez, Mr Sofia Orellana Moscoso Gioconda, Mr Tomas Arturo Collantes Lopez, Mr Ulpiano Elizalde Aguilar Cornelio, Mr Vicente Augusto Cordero Toral, Mr Vicente Cedillo Aguilar Macdonal, Mr Vicente Ojeda Romero, Mr Victor Anibal Cunalata Naranjo, Mr Victor Antonio Torres Maldonado, Mr Victor Daniel Eras Anguisaca, Mr Victor Hugo Astudillo Rios, Mr Victor Hugo Orellana Barriga, Mr Victor Manuel Jurado Salazar, Mr Victor Manuel Medina Caraguay, Mr Victor Manuel Molina, Mr Victor Manuel Roman Castillo, Mr Victor Miguel Penafiel Jaramillo, Mr Victor Nagua Pacheco, Mr Vladimiro Xavier Alvarez Grau, Mr Washington Renteria Galvez Eddye, Mrs Aida Violeta Egas Noblecilla, Mrs Alma Maria Carolina Ugarte Zea, Mrs Amada Judith Ulloa, Mrs Ana Isabel Baluarte Santillan, Mrs Ana Narcisa Carrion Gonzaga, Mrs Ana Violeta Minuche Zapata, Mrs Angel Serafin Jara Cobos, Mrs Angelica Valarezo Garcia Peregrina, Mrs Anita Amalia Ramirez Bejarano, Mrs Beatriz Minuche Seminario, Mrs Betty Leila Aguirre Auad, Mrs Blanca Angelica Galvez Espinoza, Mrs Blanca Victoria Orellana Perez, Mrs Carlota Susana Barrezueta Criollo, Mrs Carmen Judith Valarezo Zambrano, Mrs Carmen Leticia Zambrano Cordova, Mrs Carmen Margarita Martinez Gomez, Mrs Carmita Graciela Valarezo Espinosa, Mrs Celina Garcia Pineda Rosario, Mrs Clemencia Serrano Ugarte Rosa, Mrs Consuelo Eugenia Procel Rodriguez, Mrs Deysi Margoth Nunez Flores, Mrs Diana Mercedes Laura Lama Piza, Mrs Dolores Consuelo Barrezueta Lambert, Mrs Dolores Fabiola Procel Rodriguez, Mrs Dolores Leticia Anazco Romero, Mrs Dolores Perez Jaramillo, Mrs Elizabeth Garcia Valarezo Germania, Mrs Elsa Ines Parra Quezada, Mrs Elsa Susana Reyes Segura, Mrs Elvia Matilde Alvarado Urdiales, Mrs Emma Maria Orellana Ramirez, Mrs Esther Amparito Romero Aguilar, Mrs Esther Dolores Carrion Marquez, Mrs Eufemia Lucita Aguilar Iniguez, Mrs Fanny Del Rocio Orellana Sigcho, Mrs Fanny Julieta Astudillo Jarrin, Mrs Fanny Lucrecia Penaloza Cabrera, Mrs Flor Maria Carmita Romero Pereira, Mrs Geovanna Paola Lituma Aguilar, Mrs Gina Elizabeth Lituma Aguilar, Mrs Gina Silvana Barros Aguilar, Mrs Gladys Chong Gomez Lorgia, Mrs Gladys Elena Orellana Barriga, Mrs Gladys Josefina Pesantes Orellana, Mrs Gladys Magdalena Barriga Ayala, Mrs Gladys Marina Amaya Murillo, Mrs Gloria Maria Sanchez, Mrs Gloria Mariana Parra Ochoa, Mrs Gloria Mercedes Valarezo Ortega, Mrs Haydee Sanchez Ordonez Rosa, Mrs Hortencia Mosquera Serrano Cruz, Mrs Ines Lastenia Serrano Aguilar, Mrs Irene Calderon Jimenez Grecia, Mrs Isabel Calle, Mrs Isabel Casabona Pinto, Mrs Janeth Mariela Romero Aguilar, Mrs Juana Mercedes Auad Aguirre, Mrs Juana Rosa Quezada Chamba, Mrs Judith Esperanza Jaramillo Romero, Mrs Julia Elena Carreno Sandoya, Mrs Julia Rosa Pacheco Mendoza, Mrs Laura Lida Romero Maldonado, Mrs Ligia Ines Orellana Barriga, Mrs Lilian Elena Fadul Suazo, Mrs Livia Teresa Romero Aguilar, Mrs Loayza Zuniga Betty Betzabeth, Mrs Lola Angelica Regalado Ortiz, Mrs Luzmila Maria Asanza Arevalo, Mrs Margarita Leon Espinoza Rosa, Mrs Margarita Tinoco Armijos Ecilda, Mrs Maria Antonieta Ordonez Serrano, Mrs Maria Clemencia Alvarado Sotomayor, Mrs Maria Del Rocio Munoz Cobos, Mrs Maria Dora Leonor Jaramillo Romero, Mrs Maria Elena Laniado Castro, Mrs Maria Elena Vicuna Fadul, Mrs Maria Elizabeth Carrion Feijoo Luz, Mrs Maria Esthela Novillo Asanza, Mrs Maria Isabel Laniado Castro, Mrs Maria Orellana Solano Alipio, Mrs Maria Piedra Romero Luz, Mrs Maria Vanessa Mendia Armijos, Mrs Matilde Cordova Sarmiento Libia, Mrs Maura Guillermina Loayza Romero, Mrs Mayra Lorena Minuche Cordova, Mrs Mercedes Adelina Cueva Freire, Mrs Micaela Prado Espinoza Belgica, Mrs Miriam Lolita Elvira Celi Vega, Mrs Nila Dolly Serrano Jacome, Mrs Ninfa Enriqueta Guzman Aguirre, Mrs Norma Elsie Belen Pazmino Serrano, Mrs Olga Judith Espinoza Ponton, Mrs Olga Ugarte Molina Esilda, Mrs Olga Yolanda Aguilar Eydallin, Mrs Patricia Maria Veintimilla Loayza, Mrs Paulina Vanessa Munoz Cobos, Mrs Rosa Oliva Quirola Rivera, Mrs Rosario Balbina Benites Reyes, Mrs Rubi Violeta Farfan Loor, Mrs Sally Zeyneb Pazmino Garcia, Mrs Sara Amada De La Cruz Cruz, Mrs Sarita Araceli Hidalgo Galarza, Mrs Silvia Catalina Astudillo Ramirez, Mrs Tanya Mercedes Barros Aguilar, Mrs Vilma Marilu Coronel Yaguana, Mrs Ximena Alcoser Gonzalez Dayra, Mrs Ximena Maria Matilde Procel Rodriguez, Mrs Yolanda Pilar Saldana Vargas, Mrs Zoila Hortencia Zaruma, Mrs Zoila Sofia Maria Quirola, Obsa Oro Banana S.A., OrdoÌ£ÒÌ£_Ì£ÒÌ£‰ÛÏEz Padilla Margarita Hermosina, Ordonez Blacio Filimon Prospero, Pereira Espinoza Boanerges, Pinos Guaricela Silvio Bolivar, Plaza Criollo Mercedes Idalinda, Ponton Vargas Nilo Geolito, Predial Las Colinas S.A., Productos Cultivados Del Mar (Proculmar) S.A., Ramon Andrade Willian De Jesus, Riera Quito Mercedes De Jesus, Rizzo Perez Vittorio Veneto Angel, Roman Romero Arnulfo Guiberto, Sanchez Vasquez Teresa De Jesus, Sanjinez Ochoa Velarmino, Serrano Aguilar Ennia Odalia, Serrano Mackliff Sadia Nancy De Los Angeles, Sindicato Cantonal De Choferes Profesionales De Portovelo, Ugarte Chuchuca Hernahan, Union De Cooperativas Cafetaleras De Mercadeo El Oro C.Ltda, Vallejo Ullauri Y Cia Soc Agricola En P.R., Valores Fiduciarios Valfid S.A.	EC	Ms Isabel Gonzalez
EC1790477142001	Quito	Banco Promerica	Services	44827	825568	43674	0			Directors / managers / contacts are available, yet none related to the selected filter
EC0990001626001	Guayaquil	Plasticos Del Litoral S. A.	Manufacturing	44167	94978	43674	0	Master United Holding Group Sociedad Anonima,  Simsa Holding Corp Sociedad Anonima	CR	Ms Daniel Nula
EC0190110001001	Cuenca	Colineal Corporation Cia. Ltda.	Manufacturing	43433	51426	14951	6	Mr Roberto Eliseo Maldonado Alvarez, Mr Roberto Juan Maldonado Cherrez, Mrs Cristina Maldonado Cherrez Paola, Mrs Karla Sofia Maldonado Cherrez, Mrs Maria Catalina Maldonado Cherres	EC	Mr Roberto Eliseo Maldonado Alvarez
EC1790033287001	Quito	Hotel Colon Internacional C.A.	Services	41958	81388	14951	2	Agrupacion Marista Ecuatoriana, Asesoria Tecnica E Ingenieria Astecnia C.L., Banco Del Instituto Ecuatoriano De Seguridad Social, Corporacion Financiera Nacional Cfn, Dassum Aivas Alberto Frany Antonio, Empronorte Overseas Inc., Industrial Textilana Sa, Lanafit Sa, Mr Daniel Hermes Wappenstein Deller, Mr Enrique Benitez Jaramillo Vicente, Mr Euclides Salomon Perez Villarroel, Mr Jorge Abedrabbo Larach, Mr Ovidio Wappenstein Ulreich, Mr Patricio Donoso Chiriboga, Mr Santiago Donoso Chiriboga, Mrs Beatriz Deller Maier De Wappenstein, Mrs Julia Renata Wappenstein Deller, Mrs Susana Paula Wappenstein Deller, Vazpro S. A.	PA,EC	Mr Fuad Alberto Dassum Armendariz
EC1791251237001	Guayaquil	Consorcio Ecuatoriano De Telecomunicaciones S.A. Conecel	Services	41849	0	14951	381	Sercotel Sa De Cv	MX	N/A
EC1791282264001	Quito	Seguros Unidos Sa	Services	41282	62194	14951	2	Constructora San Jeronimo S.A., Constructora San Jorge S.A.	EC	N/A
EC1790691810001	Quito	Simed S.A.	Wholesale	40471	36336	14951	2	Corporacion Omni Invest Omninvest S.A., Mr Alfredo Adonay Jimenez Yepez	EC	Mr Alfredo Adonay Jimenez Yepez
EC0990183899001	Guayaquil	Furoiani Obras Y Proyectos S.A.	Services	39805	53482	14951	2	Fundacion Fop, Furoiani Zambrano Ana Maria De Lourdes, Mr Jose Luis Furoiani Zambrano, Mr Juan Jose Furoiani Zambrano, Mrs Anita Olga Zambrano Garcia	PA,EC	Mr Jose Antonio Furoiani Villagomez
EC0991098127001	Guayaquil	Importadora Industrial Agricola Del Monte Sociedad Anonima	Wholesale	38639	40727	14951	2	Mr Pedro Jose Idrovo Trivino, Mrs Mercedes Maria Monserrate Luque Marriott	EC	Ms Mercedes Maria Monserrate Luque Marriott
EC1790160793001	Quito	Jaboneria Wilson Sa	Manufacturing	38303	0	14951	2	Escorpious Industries Llc, Nogal Llc	US	N/A
EC1790183750001	Quito	Importadora Vega S.A.	Wholesale; Retail	37732	22606	14951	0	Mr Aurelio Vega Calero German, Mr German Esteban Vega Gomez, Mr Juan Sebastian Vega Gomez, Mr Ramon Vega Calero Edgar, Mr Ramon Vega Paucar Segundo, Mrs Gina Elizabeth Vega Calero	EC	Mr Segundo Ramon Vega Paucar
EC0990008647001	Guayaquil	Fisa Fundiciones Industriales S.A.	Manufacturing	37719	72337	14951	0	Mr Antonio Kronfle Kozhaya Manuel, Mr Henry Fabian Kronfle Kozhaya, Mr Jorge Antonio Kozhaya, Mr Simon Ignacio Gonzalo Kozhaya, Mr Simon Ivet Koshaya, Mr Simon Jacinto Vicente Kozhaya, Mrs Simon Adela Maria Kozhaya	EC	Mr Jacinto Vicente Kozhaya Simon
EC0991322752001	Guayaquil	Basesurcorp S.A.	Wholesale	37663	14408	14951	2	Mr Emilio Alberto Bruzzone Boschetti, Mr Jose Emilio Bruzzone Roldos, Mr Marcelo Andres Bruzzone Boschetti, Mrs Camila Maria Bruzzone Boschetti, Mrs Julia Desiree Boschetti Jarrin, Mrs Natalie Cossettini	EC	Mr Roldos Jose Emilio Bruzzone
EC0992208988001	Guayaquil	Intervisatrade S.A.	Services	36394	51009	14951	2	Dynami Spv Iv Limited, Mr Pablo Fernando Chiriboga Becdach	KY,EC	Mr Javier Robalino
EC1791909690001	Quito	Ecuatoriana De Servicios Inmobiliaria Y Construcciones Eseico S.A.	Services	36242	38160	14951	2	Mr Leonardo Esteban Galarza Andrade, Mrs Consuelo Maria Galarza Andrade, Mrs Maria Fernanda Farto Ribadeneyra, Mrs Tatiana Galarza Andrade	EC	Mr Ramiro Leonardo Galarza Andrade
EC1791860055001	Quito	Frutera Del Litoral Cia. Ltda.	Retail	35925	23016	14951	2	Globe Services Agencies S.A., Mr Carlos Mauricio Rueda Mesias	PA,EC	Mr Carlos Mauricio Rueda Mesias
EC0190167348001	Cuenca	Corporacion Azende S.A.	Wholesale	35720	51772	14951	5	Copredi Holding Cia. Ltda., Holding Lauhat Cia. Ltda., Mr Alicia Moreno Lopez Myrian, Mr German Teodoro Torres Leon, Mr Jose Alejandro Ugalde Jerves, Mr Juan Carlos Crespo Moreno, Mr Juan Diego Castanier Jaramillo, Mr Julio Olmedo Ugalde Jerves, Mr Pedro Jose Miranda Rivadeneira, Mrs Irina Crespo Moreno, Mrs Nathalie Crespo Moreno	EC	Mr Juan Diego Castanier Jaramillo
EC0990681708001	Guayaquil	Indusur Industrial Del Sur S.A.	Wholesale	35602	34033	14951	2	Fidecomiso De Garantia, Administracion Y Pago Indusur-Cfn, Inmobiliaria Gunsa C Ltda, Inmobiliaria L.R Y 4h Sociedad Anonima, Inversiones Germania Sa, Mercaterra S.A., Motcum S.A., Mrs Muriel Elba Yolanda Guerrero, Palacios Barzallo Cesar Humberto (Hrdos)	EC	Mr Luis Duenas Dagilardo
EC1791279352001	Quito	Medicina Para El Ecuador Mediecuador Humana S.A.	Manufacturing	35570	13374	14951	3	Conjunto Clinico Nacional Conclina C.A.	EC	Mr Jose Rafael Arcos Rendon
EC1790137058001	Quito	Maldonado Fiallo Hermanos Cia Ltda	Services	35280	0	14951	2	Mr Jorge Enrique Maldonado Vasconez, Mr Jorge Oswaldo Maldonado Fiallo, Mrs Maria Sol Maldonado Vasconez	EC	N/A
EC1790885186001	Quito	Computadores Y Equipos Compuequip Dos S.A.	Wholesale	35268	18796	14951	2	Mr Carlos Enrique Pinos Hernandez, Mr Jose Luis Pinos Vargas	EC	Ms Alexandra Maria F. Vargas Cedeno
EC1790033295001	Quito	Citibank Na	Wholesale	35079	491251	14951	0			N/A
EC0990299390001	Guayaquil	Muebles El Bosque S.A.	Wholesale	34571	25824	14951	0	Inmobiliaria Ormo S.A., Inmobiliaria San Joaquin C Ltda, Mr Luis Alejandro Morales Lopez, Toronttix S.A., Univercorpsa S.A.	EC	Ms Wendy Johanna Linzan Bone
EC0991311637001	Guayaquil	Latina Seguros Y Reaseguros Ca	Services	34408	51517	14951	3	Eiris Moritz, Latina Insurance Corporation Sl., Mr Antonio Jose Arosemena Merino	EC,ES	N/A
EC0991280855001	Guayaquil	Chocolates Finos Nacionales Cofina S.A.	Wholesale	34050	20441	14951	2	Green Coast Commodities Llc, Mr Ricardo Octavio Zambrano Gonzalez	EC,US	Mr Carlos Alberto Zambrano Zambrano
EC0990064733001	Guayaquil	Generali Ecuador, Compania De Seguros Sa	Services	33155	38940	14951	820	Assicurazioni Generali Spa	IT	N/A
EC20724	Cuenca	Cooperativa De Ahorro Y Credito Jardin Azuayo	Services	32988	459872	14951	0			N/A
EC1791269225001	Quito	Banco Procredit Sa	Services	32888	386756	14951	34	Mr Gabriel Isaac Schor,   Procredit Holding Ag & Co. Kgaa	DE	Mr Gabriel Isaac Schor
EC0990794596001	Guayaquil	Confianza Compania De Seguros Y Reaseguros Sa	Services	32679	50223	14951	2	Danub Sociedad Anonima, Mr Gustavo Cardenas Uribe	CR,EC	N/A
EC0992347430001	Samborondon	Corporacion Samborondon S.A.	Services	32632	28525	14951	2	Dismedsa Cia.Ltda., International Home Developers Corporation	PA,EC	Ms Gina Patricia Pardo Navarrete
EC0990134294001	Guayaquil	Esculapio S.A.	Services	32617	26386	14951	3	Anelfa C.A., Mr Alfredo Alcivar Andretta Xavier, Mr Arturo Alcivar Garcia Miguel, Mrs Aida Catalina Alcivar Andretta, Mrs Irene Maria Gonzalez Alcivar De Dassum, Mrs Maria Beatriz Alcivar Pino, Mrs Valentina Maria Alcivar Pino	EC	Ms Maria Fernanda Gonzalez Leon
EC1790030008001	Quito	Ferro Torre S.A.	Manufacturing; Wholesale	32453	31651	14951	0	Coniliario Steel Llc, Inversiones Colombovenezolanas De Panama S.A., Mr Giovanni Marcelo Ferro Albornoz, Mr Jorge Anibal Calderon Villalba, Mr Marco Antonio Ferro Torre, Mr Miguel Aluanlli Anuch, Mr Ninfa Nely Molina Herrera, Mr Pablo Rafael Mella Rohdis, Mrs Fabiola Rodriguez Donoso Letty, Mrs Gladys Del Carmen Alvarez Tayupanta, Mrs Ximena Patricia Ferro Aldunate	PA,EC,US,CL	Ms Paulina Heloisa Ferro Aldunate
EC30074LE	Quito	Roadtracking Del Ecuador	Manufacturing	32167	23403	14951	0	Agro Telematics Sa De Cv, East Holdings, Llc, Global Telematic Solutions Sa De Cv, I Gelt Holding Llc	MX,US	Mr Daniel Wainmann
EC30030LE	Quito	Ecuatoriana De Sanitarios S.A. Edesa	Manufacturing	31227	49784	14951	0			Mr Roque Bustamante Cardenas
EC0992698578001	Guayaquil	Meisterblue Cia. Ldta.	Services	31079	72379	14951	0			Ms Gina Patricia Pardo Navarrete
EC0990158630001	Guayaquil	Etinar S.A.	Manufacturing	30854	44090	14951	0	Megatrading S.A., Mr Guillermo Andres Jouvin Arosemena, Mr Nelson Angel Proano Briones, Mr Pierina Andrea Macchiavello Nunez, Mrs Daniela Romina Macchiavello Nunez, Mrs Lissa Maria Macchiavello Nunez, Predial E Inversionista Lipidava S.A	EC	Mr Jose A Macchiavello Almeida
EC1790819515001	Quito	Dilipa, Distribuidora De Libros Y Papeleria C.Ltda.	Wholesale	30221	14745	14951	0	Mr Christian Dario Segura Briones, Mr Eduardo Segura Montenegro Angel, Mr Eduardo Xavier Segura Briones, Mr Otto Ruffo Segura Montenegro, Mr Renato Segura Carrera Angel, Mrs Cynthia Daniela Segura Briones, Mrs Karla Albina Segura Carrera, Mrs Lilian Sulay Segura Montenegro	EC	Mr Angel Eduardo Segura Montenegro
EC53503	Quito	Cooperativa De Ahorro Y Credito 29 De Octubre Ltda	Services	29994	339752	14951	0			Mr Juan Francisco Donoso Game
EC1090067563001	Ibarra	Floralp S.A.	Manufacturing	29779	17955	14951	0	Asociacion De Cuentas En Participacion Mirlo, Mr Jose Francisco Narvaez Andrade, Mr Norberto Xavier Purtschert Hollenstein, Mr Rudolf Purtschert Holleinstein, Mrs Maria Elizabeth Purtschert Hollestein, Mrs Rita Graciela Cruz Bedon, Mrs Ruth Elena Purtschert Hollestein	CH,EC	Mr Luis Fernando Orellana Morillo
EC0990632286001	Guayaquil	Instalaciones Electromecanicas S.A.	Wholesale	29577	32826	14951	0			Mr Ricardo Intriago
EC1791401344001	Quito	Fermagri S.A.	Wholesale	29033	16168	14951	0	Mr Eric Miguel Adolfo Castro Coray	EC	Mr Carlos Alberto Andrade Gonzalez
EC1190002213001	Loja	Banco De Loja	Services	28607	421663	14951	0	Fideicomiso Acciones Loja, Fundacion Alvarez, Holder Palma Sac,  Wisdom Ocean Capital Pte Ltd	EC	Mr Camilo Mora Burneo
EC30223LE	Cuenca	Comercializadora Juan Carlos Espinoza Vintimilla Cia. Ltda	Wholesale	27761	16505	14951	0			Ms Maria Jose Espinoza Gonzalez
EC1790551350001	Quito	Alianza, Compania De Seguros Y Reaseguros Sa	Services	27752	35704	14951	0	Mr Alvaro Jose Florez Rojas, Mr Carlos Fulgencio Romero Torrealba, Mrs Maria Dolores Torrealba Jurado, Mrs Susana Margarita Rojas Smith	ES,EC	N/A
EC1791952359001	Quito	La Tablita Group Cia. Ltda.	Services	27455	5822	14951	0	Corporacion Garbeusc S.A., Mrs Jenny Aracely Haro Fiallos	EC	Mr Ricardo Antonio Garcia Becerra
EC0990494878001	Guayaquil	Ecuaimco S.A.	Wholesale	27387	18006	14951	7	Mr Antonio Emilio Cristobal Ginatta Coronado, Mr Juan Gabriel Vilaseca De Prati, Mrs Maria Cecilia Vilaseca De Prati De Florida, Mrs Maria Teresa Vilaseca De Prati De Piovesan, Mrs Rossana Monserrate Vilaseca De Prati De Hidalgo, Senoicca Industrial Co. Limited.	EC,VG	Mr Antonio Emilio Cristobal Ginatta Coronado
EC0991434879001	Guayas	Carvagu S.A.	Manufacturing	27103	20207	14951	0	Mr Carlos Julio Valarezo Guzman, Mr Jose Abraham Valarezo Sanchez, Mr Stefano Nagib Valarezo Sanchez, Mrs Mercedes Lorena Valarezo Sanchez, Valarezo Sanchez Marissa Ivonne	EC	Mr Carlos Julio Valarezo Guzman
EC54297	Quito	Cooperativa De Ahorro Y Credito Cooprogreso	Services	27002	313227	14951	0			N/A
EC1790558886001	Quito	Optica Los Andes Cia. Ltda.	Retail	26803	15468	14951	2	Mr Miguel Andres Aguilera Ortiz, Mr Miguel Patricio Aguilera Toral, Mrs Erika Carolina Aguilera Ortiz, Mrs Maria Teresa Ortiz Gonzalez, Mrs Natalia Liliana Aguilera Ortiz, Mrs Patricia Susana Aguilera Ortiz, Mrs Tatiana Aguilera Noguera	CO,EC	Ms Maria Teresa Ortiz Gonzalez
EC1792014808001	Quito	Descaserv Ecuador S.A.	Services	26695	0	14951	2	Dahik Hajjguillermoantonio, Desca Holding, Llc, Grupo Amper Sa	ES,US	N/A
EC1791957253001	Quito	Azulec S.A.	Services	26441	30355	14951	0	Mr William Wallace Phillips Cooper	EC	Mr Gustavo Freile Leon
EC0991259546001	Guayaquil	Carro Seguro Carseg S.A.	Services	26249	13900	14951	2	Empafin S.A., Mr Alex Cosme Ripalda Burgos	EC	Mr Alex Cosme Ripalda Burgos
EC1791782402001	Quito	Bupa Ecuador Sa, Compania De Seguros Y Reaseguros	Services	26219	18524	14951	0			N/A
EC1791268903001	Quito	Cervantes Sa, Compania De Seguros Y Reaseguros	Services	25966	18185	14951	0			N/A
EC1790340481001	Quito	Seguros Oriente Sa	Services	25414	36369	14951	0	Mistral Inversiones Y Titulos C Ltda, Mr Esteban Eduardo Cadena Naranjo, Mr Julio Andres Moreno Mogollon, Mr Julio Marcelo Moreno Montiel	EC	N/A
EC0190086003001	Quito	Constructora Becerra Cuesta C Ltda	Services	25370	0	14951	0	Mr Abelardo Becerra Plaza Miguel, Mr Cesar Miguel Becerra Cuesta, Mr Edward Abelardo Becerra Calderon	EC	N/A
EC0990331928001	Guayaquil	L Henriques & Cia S.A.	Wholesale	25310	13093	14951	4	Mr Carlos Enrique Iturralde Centeno, Mrs Ariana Maria Alvear Gilbert, Mrs Fabiana Maria Alvear Gilbert, Mrs Maria Delia Alvear Gilbert, Mrs Monica Maria Alvear Amaya, Shoumen Investments Sl.	ES,EC	Mr Marcelo Patricio Alvear Amaya
EC1190049406001	Loja	Industria Lojana De Especerias Ile C.A.	Manufacturing; Wholesale	25015	31346	14951	0			Ms Cruz Amada Godoy Ruiz
EC0990839557001	Guayaquil	Solvesa Ecuador S.A.	Wholesale	24791	18573	14951	2	Antar Cinco Cero Seis Sociedad Anonima, Mr Carlos Eduardo Cucalon Aranda, Mrs Vicenta Margarita Bravo Pisco	CR,EC	Ms Vicenta Margarita Bravo Pisco
EC1791301692001	Quito	Bmi Del Ecuador, Compania De Seguros De Vida Sa	Services	24751	22597	14951	16	Bmi Financial Group, Inc., Business Mens Insurance Corp	US	N/A
EC1790427692001	Quito	Panatlantic Logistics S.A.	Services	23973	0	14951	2	Mr Raul Aragundi Uquillas Elger, Mrs Maria Alejandra Aragundi Contreras	EC	N/A
EC1792022169001	San Rafael	Automotores Del Valle Vallemotors S.A.	Wholesale; Services	23866	0	14951	2	Automotores Y Anexos S.A., Mr Daniel Acosta Toral, Mr Javier Acosta Toral, Mr Juan Patricio Acosta Toral, Mr Rafael Arteaga Valdiviezo Fernando, Mrs Maria Alexandra Arteaga Leon	EC	N/A
EC1790646483001	Quito	Sociedad De Turismo Sodetur Sa	Services	23785	0	14951	2	Atlantis Business International Llc, Mr Francisco Isidoro Pinto Cordovez	EC,US	N/A
EC1790268594001	Quito	Caminosca S.A.	Services	23716	32774	14951	120	Cardno Holdings Pty. Ltd., Cardno International Pty Ltd, Cardno Limited	AU	Mr Carlos Diego Fernando Jacome Merino
EC1790143007001	Guayaquil	Ecuatoriana De Granos S.A.	Services	23606	29108	14951	3	Brito-Vaca Cia. Ltda., Delcorp Sa, Moderna Alimentos S.A., Molinos Poultier Sa	EC	Mr Gad Ivan Goldstein Valdez
EC54342	Quito	Instituto Ecuatoriano De Credito Educativo Y Becas	Services	23562	476299	14951	0			N/A
EC1790004392001	Quito	Casa Moeller Martinez C.A.	Services	23398	17088	14951	2	Mr Daniela Maria Del Carmen Moeller Flores, Mr Willy Hermann Moeller Flores, Spatz Moeller Hanns Udo Leonhard Hrdrs	EC	Mr Willy Alberto Moeller Erazo
EC0991363041001	Guayaquil	Farbem S.A.	Services	23159	0	14951	2	Doan Ngoc Quy, Mr Binh Vinh Lam Huynh	US	N/A
EC1791269489001	Quito	Aditmaq Aditivos Y Maquinarias Cia. Ltda.	Wholesale	23086	18407	14951	0	Mr Diego Coronel Urbina, Mr Fausto Pacifico Moncayo Montalvo, Mrs Carmen Alicia Moncayo Montalvo, Mrs Maria Alicia Montalvo Montalvo, Mrs Maria Valeria Moncayo Montalvo	EC	Ms Maria Alicia Montalvo Montalvo
EC0991295542001	Guayaquil	Hispana De Seguros Sa	Services	22787	29921	14951	0	Buffettinvest S.A., Inmobiliaria Santisabela S.A., Invercash S.A.	EC	N/A
EC20748	Ambato	Cooperativa De Ahorro Y Credito San Francisco Ltda	Services	22328	250964	14951	0			N/A
EC1790266443001	Guayaquil	Mamut Andino Ca	Services	22050	28374	14951	0			Mr Rafael Gallego Ollero
EC0992277874001	Guayaquil	Concerroazul S.A.	Services	21742	24739	14951	0			Mr Julio De Blas Caballero
EC0990135630001	Guayaquil	Calbaq S.A	Manufacturing	21599	13625	14951	2	Calbaq International S.A., Mr Boris Andres Jarrin Stagg	PA,EC	Mr Boris Enrique Jarrin Rivadeneira
EC30206LE	Guayaquil	Agencia Naviera Agnamar S.A.	Wholesale; Retail	21523	6970	14951	0			Ms Maria Del Rosario Escobar Manriquez De Arizaga
EC0991321764001	Quito	Kuehne + Nagel S.A.	Services	21389	0	14951	357	Nagel International Ag, KÌ£ÒÌ£_Ì£ÒÌ¢åHne	CH	N/A
EC0991321489001	Guayaquil	Koenig & Partners S.A.	Services	21039	0	14951	0			N/A
